{
    "Sun": {
        "R": 696340,
        "mu": 1.32712440018e20
    },
    "Mercury": {
        "R": 2439.7,
        "mu": 2.2032e4
    },
    "Venus": {
        "R": 6051.8,
        "mu": 3.24859e5
    },
    "Earth": {
        "R": 6378.0,
        "mu": 3.986004418e5
    },
    "Moon": {
        "R": 1737.1,
        "mu": 4.9048695e12
    },
    "Mars": {
        "R": 3389.5,
        "mu": 4.2828e3
    },
    "Jupiter": {
        "R": 69911,
        "mu": 1.26686534e11
    },
    "Saturn": {
        "R": 58232,
        "mu": 3.7931187e10
    },
    "Uranus": {
        "R": 25362,
        "mu": 5.793939e7
    },
    "Neptune": {
        "R": 24622,
        "mu": 6.836529e7
    }
}